id,title,description,tags,content,industry,founded_year,location,category
1,Finverge,Revolutionizing digital payments,"['payments', 'fintech', 'innovation']","Finverge is a fintech company that provides fast, secure, and convenient digital payment services to individuals and businesses. Our cutting-edge technology enables users to make transactions online and offline, anytime, anywhere. With a strong focus on security and user experience, we aim to become the leading digital payment solution provider globally.",Financial Technology,2018,"New York City, USA",
2,Fallback 2,Error fallback,[],No content,N/A,2023,N/A,unknown
3,Fallback 3,Error fallback,[],No content,N/A,2023,N/A,unknown
4,EcoPower Solutions,Leading provider of sustainable energy solutions,"['renewable energy', 'sustainable living', 'green tech']","EcoPower Solutions is a pioneering company in the energy sector, dedicated to developing and implementing innovative, eco-friendly solutions that cater to the growing demand for sustainable power. Our team of experts strives to provide cutting-edge technologies that reduce carbon footprint and promote a healthier environment.",Energy and Utilities,2010,"San Francisco, USA",energy
5,Eshopper,Online shopping made easy,"['online shopping', 'retail', 'digital commerce']",Eshopper is a leading online retail platform that offers a wide range of products across various categories. Our mission is to provide a seamless shopping experience to our customers through our user-friendly website and mobile app.,Retail and Ecommerce,2018,"New York, USA",ecommerce
6,CyberShield Solutions,Next-generation cybersecurity solutions for businesses,"['cybersecurity', 'threat detection', 'incident response']","CyberShield Solutions is a leading provider of cybersecurity solutions designed to protect businesses from the ever-evolving threat landscape. Our team of experts leverages cutting-edge technology to detect, respond, and prevent cyber threats. With our comprehensive suite of services, we help businesses build resilient and secure environments.",Cybersecurity,2018,"San Francisco, USA",technology
7,SmartSense Technologies,Pioneering innovative solutions in the Internet of Things,"['IoT', 'Smart Devices', 'AI']","SmartSense Technologies is a leading provider of IoT solutions, enabling businesses to harness the power of connected devices. With our cutting-edge technology and expertise, we help companies to increase efficiency, improve productivity, and reduce costs. Our innovative approach has made us a trusted partner for businesses across the globe.","Technology, IoT",2023,"San Francisco, USA",technology
8,Blockchain Visionaries,Pioneering innovative blockchain solutions for a rapidly changing world,"['blockchain', 'cryptocurrency', 'innovation']",,FinTech,2018,"San Francisco, USA",technology
9,NeuroPulse AI,Revolutionizing Healthcare with AI-driven Insights,"['Artificial Intelligence', 'Healthtech', 'Machine Learning']","NeuroPulse AI is an innovative startup that leverages AI and deep learning to improve healthcare outcomes. Our team of experts has developed a cutting-edge platform that analyzes medical data to identify potential health risks and provide actionable insights to healthcare professionals. Our mission is to make healthcare more efficient, affordable, and accessible to everyone.",Healthcare Technology,2023,"San Francisco, USA",technology
10,Fallback 10,Error fallback,[],No content,N/A,2023,N/A,unknown
